{
  "results": [
    {
      "modele": "XGBoost v2",
      "MAE": 8.422106742858887,
      "RMSE": 101.8342374354642,
      "R2": 0.6663467884063721,
      "WAPE": 0.3834238232924827
    },
    {
      "modele": "LGBM P50",
      "MAE": 8.322904422533263,
      "RMSE": 121.87120317988551,
      "R2": 0.522129956824996,
      "WAPE": 0.3789075119392191
    },
    {
      "modele": "CatBoost",
      "MAE": 8.980088002527967,
      "RMSE": 120.04720193122598,
      "R2": 0.536327122509671,
      "WAPE": 0.4088263698932926
    },
    {
      "modele": "Stacking Ridge",
      "MAE": 8.702103716619227,
      "RMSE": 97.55196027931042,
      "R2": 0.6938180318296214,
      "WAPE": 0.39617089185527593
    }
  ],
  "best_alpha_ridge": 10.0,
  "stacking_components": [
    "xgb_v2",
    "lgbm_p50",
    "catboost"
  ],
  "critere_succes_stacking_battu_xgb": false
}