{
  "components": [
    "xgb_v2",
    "lgbm_p50",
    "catboost"
  ],
  "best_alpha": 10.0,
  "coef": [
    1.2577417485093516,
    0.04921395757364466,
    -0.2622058801602096
  ],
  "intercept": 0.6346319713787523
}